{
	"type": "GenericCrafter",
	"name": "chip factory",
	"description": "crafts chips.",
	"outputItem": {"item": "chip", "amount": 1.0},
	"size": 3,
	"hasPower": true,
	"hasLiquids": false,
	"hasItems": true, 
	"craftTime": 40,
	"updateEffect": "smeltsmoke",
	"consumes": {
		"power": 0.6,
		"items": {
		"items": [
		     {"item":"copper", "amount": 3},
			 {"item":"titanium", "amount":1} 
	]
	}
	},
	
	"requirements": [
		{ "item": "lead", "amount": 60 },
		{ "item": "titanium", "amount": 100 },
		{ "item": "silicon", "amount": 70}
	],
	"category": "crafting",
	"research": "kiln",
	"idleSound": "respawning",
	"idleSoundVolume": 0.5 
}
