{
"type":"ArtilleryTurret",
	"name":"nuke-launcher",
	"description": "beware the power of the almighty nuke.",
	"health": 2000,
	"size": 3,
	"reload": 600,
	"range": 600,
	"inaccuracy": 0,
	"rotatespeed": 12,
	"ammo": {
		"thorium": {
		    "damage": 1000,
			"type":"MissileBulletType",
			"speed": 3,
            "ammoMultiplier": 1, 	
            "bulletWidth":10,
            "bulletHeight":8,
            "bulletShrink":1,
            "drag":-0.01,
            "homingPower":20,
            "splashDamageRadius":200,
            "splashDamage":1000,
            "lifetime":180,
			"spreadChance":0.05, 
			"fireballChance":0.07,
			"hitEffect": "flakExplosionBig",
			"trailEffect": "missileTrail",
            "despawnEffect": "smelt",			
		}
		
	},
	"requirements": [
		{ "item": "graphite", "amount": 10000 },
		{ "item": "chip", "amount": 7000 },
		{ "item": "thorium", "amount": 10000} 
	],
	"category": "turret",
	"research": "meltdown"
}