{
	"type": "DoubleTurret",
	"name": "smart Turret",
	"description": "a better version of the duo. very cost effective.",
	"health": 400,
	"size": 1,
	"reload": 3,
	"range": 150,
	"ammoUseEffect": "shellEjectSmall",
	"inaccuracy": 5,
	"rotatespeed": 12,
	"ammo": {
		"copper": {
			"speed": 3.0,
			"damage": 15,
			"bulletWidth": 7,
			"bulletHeight": 9,
			"shootEffect": "shootSmall",
			"smokeEffect": "shootSmallSmoke",
			"ammoMultiplier": 8
		}
	},
	"requirements": [
		{ "item": "graphite", "amount": 40 },
		{ "item": "copper", "amount": 70 }
	],
	"category": "turret",
	"research": "duo"
}
