{
	"type": "ItemTurret",
	"name": "sniper-turret",
	"description": "mid-long range defense system.",
	"health": 1700,
	"size": 2,
	"reload": 360,
	"range": 250,
	"ammoUseEffect": "shellEjectBig",
	"inaccuracy": 1,
	"rotatespeed": 10,
	"ammo": {
		"titanium": {
			"speed": 6.0,
			"damage": 10000,
			"bulletWidth": 10,
			"bulletHeight": 13,
			"shootEffect": "shootSmall",
			"smokeEffect": "shootSmallSmoke",
			"ammoMultiplier": 20
		}
	},
	"requirements": [
		{ "item": "chip", "amount": 10 },
		{ "item": "titanium", "amount": 70 },
		{ "item": "silicon", "amount": 100} 
	],
	"category": "turret",
	"research": "spectre"
}
